<?xml version="1.0" encoding="UTF-8"?>
<project-private xmlns="http://www.netbeans.org/ns/project-private/1">
    <editor-bookmarks xmlns="http://www.netbeans.org/ns/editor-bookmarks/2" lastBookmarkId="0"/>
    <open-files xmlns="http://www.netbeans.org/ns/projectui-open-files/2">
        <group>
            <file>file:/C:/wamp64/www/Java-Swing-Customer-Management-System-master/src/cms/Main.java</file>
            <file>file:/C:/wamp64/www/Java-Swing-Customer-Management-System-master/src/cms/views/MainFrame.java</file>
            <file>file:/C:/wamp64/www/Java-Swing-Customer-Management-System-master/src/cms/views/ImageLabel.java</file>
            <file>file:/C:/wamp64/www/Java-Swing-Customer-Management-System-master/README.md</file>
        </group>
    </open-files>
</project-private>
