<?xml version="1.0" encoding="UTF-8"?>
<java version="1.8.0_77" class="java.beans.XMLDecoder">
 <object class="javax.swing.table.DefaultTableModel">
  <void property="columnIdentifiers">
   <object class="java.util.Vector">
    <void method="add">
     <string>Name</string>
    </void>
    <void method="add">
     <string>Location</string>
    </void>
    <void method="add">
     <string>Notes</string>
    </void>
    <void method="add">
     <string>Date of signing the contract</string>
    </void>
    <void method="add">
     <string>Contract</string>
    </void>
    <void method="add">
     <string>Logo</string>
    </void>
   </object>
  </void>
 </object>
</java>
